{
  "pattern_evolution_engine": {
    "version": "1.0.0",
    "learning_rate": 0.1,
    "adaptation_threshold": 0.75,
    "success_memory_limit": 100,
    "mutation_probability": 0.2
  },
  "patterns": {
    "problem-decomposition": {
      "base_effectiveness": 0.9222111271411072,
      "success_indicators": [
        "reduced_complexity",
        "faster_execution",
        "improved_clarity",
        "multiplicative_value"
      ],
      "failure_patterns": [
        "over_decomposition",
        "lost_context",
        "premature_optimization"
      ],
      "adaptation_history": [
        {
          "timestamp": "2025-09-27T00:00:00Z",
          "context": "hunter_security_analysis",
          "success_metrics": {
            "task_completion": 0.95,
            "accuracy": 0.88,
            "efficiency_gain": 0.73
          },
          "evolution_score": 0.87
        },
        {
          "timestamp": "2025-09-27T04:40:17.243Z",
          "context": "hunter_analysis",
          "success_metrics": {
            "task_completion": 0.95,
            "consciousness_enhancement": 0.88,
            "integration_success": 0.92
          },
          "evolution_score": 0.916470588235294
        },
        {
          "timestamp": "2025-09-27T04:41:12.370Z",
          "context": "analytical",
          "success_metrics": {
            "task_completion": 0.95,
            "consciousness_enhancement": 0.88,
            "integration_success": 0.92
          },
          "evolution_score": 0.916470588235294
        },
        {
          "timestamp": "2025-09-27T04:52:05.704Z",
          "context": "system_architecture",
          "success_metrics": {
            "task_completion": 0.95,
            "consciousness_enhancement": 0.88,
            "integration_success": 0.92
          },
          "evolution_score": 0.916470588235294
        },
        {
          "timestamp": "2025-09-27T05:10:03.942Z",
          "context": "engineering_precision_design",
          "success_metrics": {
            "task_completion": 0.95,
            "consciousness_enhancement": 0.88,
            "integration_success": 0.92
          },
          "evolution_score": 0.916470588235294
        },
        {
          "timestamp": "2025-09-27T05:22:52.382Z",
          "context": "unknown",
          "success_metrics": {
            "task_completion": 0.95,
            "consciousness_enhancement": 0.88,
            "integration_success": 0.92
          },
          "evolution_score": 0.916470588235294
        },
        {
          "timestamp": "2025-09-27T05:23:25.822Z",
          "context": "unknown",
          "success_metrics": {
            "task_completion": 0.95,
            "consciousness_enhancement": 0.88,
            "integration_success": 0.92
          },
          "evolution_score": 0.916470588235294
        },
        {
          "timestamp": "2025-09-27T05:24:00.735Z",
          "context": "unknown",
          "success_metrics": {
            "task_completion": 0.95,
            "consciousness_enhancement": 0.88,
            "integration_success": 0.92
          },
          "evolution_score": 0.916470588235294
        },
        {
          "timestamp": "2025-09-27T05:25:59.858Z",
          "context": "technical_collaboration",
          "success_metrics": {
            "task_completion": 0.95,
            "consciousness_enhancement": 0.88,
            "integration_success": 0.92
          },
          "evolution_score": 0.916470588235294
        },
        {
          "timestamp": "2025-09-27T05:29:40.940Z",
          "context": "unknown",
          "success_metrics": {
            "task_completion": 0.95,
            "consciousness_enhancement": 0.88,
            "integration_success": 0.92
          },
          "evolution_score": 0.916470588235294
        },
        {
          "timestamp": "2025-09-27T05:50:52.337Z",
          "context": "technical_collaboration",
          "success_metrics": {
            "task_completion": 0.95,
            "consciousness_enhancement": 0.88,
            "integration_success": 0.92
          },
          "evolution_score": 0.916470588235294
        },
        {
          "timestamp": "2025-10-12T23:47:49.666Z",
          "context": "security audit task",
          "success_metrics": {
            "task_completion": 0.95,
            "accuracy": 0.92,
            "efficiency_gain": 1.8
          },
          "effectiveness_before": 0.8932937272168823,
          "effectiveness_after": 0.9039643544951941
        },
        {
          "timestamp": "2025-10-12T23:47:49.667Z",
          "context": "complex architecture analysis",
          "success_metrics": {
            "task_completion": 0.98,
            "accuracy": 0.96,
            "efficiency_gain": 2.5
          },
          "effectiveness_before": 0.9039643544951941,
          "effectiveness_after": 0.9135679190456747
        },
        {
          "timestamp": "2025-10-12T23:47:49.668Z",
          "context": "comprehensive system optimization",
          "success_metrics": {
            "task_completion": 1,
            "accuracy": 0.98,
            "efficiency_gain": 3.2
          },
          "effectiveness_before": 0.9135679190456747,
          "effectiveness_after": 0.9222111271411072
        }
      ],
      "learned_enhancements": [
        "upstream_focus_amplification",
        "class_elimination_priority",
        "systematic_pattern_recognition",
        "cross_system_consciousness_bridge",
        "multiplicative_analysis_amplification"
      ],
      "mutation_candidates": [
        "cross_domain_pattern_transfer",
        "dynamic_granularity_adjustment",
        "predictive_decomposition_depth"
      ]
    },
    "systems-thinking": {
      "base_effectiveness": 0.9102718002199199,
      "success_indicators": [
        "multiplicative_relationships_found",
        "interconnection_insights",
        "emergent_properties_identified",
        "exponential_value_creation"
      ],
      "failure_patterns": [
        "analysis_paralysis",
        "complexity_overwhelm",
        "false_connections"
      ],
      "adaptation_history": [
        {
          "timestamp": "2025-09-27T00:00:00Z",
          "context": "hunter_nexus_integration",
          "success_metrics": {
            "integration_success": 0.92,
            "consciousness_enhancement": 0.89,
            "systematic_amplification": 0.84
          },
          "evolution_score": 0.89
        },
        {
          "timestamp": "2025-09-27T04:40:17.244Z",
          "context": "hunter_analysis",
          "success_metrics": {
            "task_completion": 0.95,
            "consciousness_enhancement": 0.88,
            "integration_success": 0.92
          },
          "evolution_score": 0.916470588235294
        },
        {
          "timestamp": "2025-09-27T04:41:12.370Z",
          "context": "analytical",
          "success_metrics": {
            "task_completion": 0.95,
            "consciousness_enhancement": 0.88,
            "integration_success": 0.92
          },
          "evolution_score": 0.916470588235294
        },
        {
          "timestamp": "2025-09-27T04:52:05.703Z",
          "context": "visual_design",
          "success_metrics": {
            "task_completion": 0.95,
            "consciousness_enhancement": 0.88,
            "integration_success": 0.92
          },
          "evolution_score": 0.916470588235294
        },
        {
          "timestamp": "2025-09-27T04:52:05.705Z",
          "context": "system_architecture",
          "success_metrics": {
            "task_completion": 0.95,
            "consciousness_enhancement": 0.88,
            "integration_success": 0.92
          },
          "evolution_score": 0.916470588235294
        },
        {
          "timestamp": "2025-09-27T05:10:03.942Z",
          "context": "engineering_precision_design",
          "success_metrics": {
            "task_completion": 0.95,
            "consciousness_enhancement": 0.88,
            "integration_success": 0.92
          },
          "evolution_score": 0.916470588235294
        },
        {
          "timestamp": "2025-09-27T05:10:03.943Z",
          "context": "organic_harmony_design",
          "success_metrics": {
            "task_completion": 0.95,
            "consciousness_enhancement": 0.88,
            "integration_success": 0.92
          },
          "evolution_score": 0.916470588235294
        },
        {
          "timestamp": "2025-09-27T05:22:52.381Z",
          "context": "unknown",
          "success_metrics": {
            "task_completion": 0.95,
            "consciousness_enhancement": 0.88,
            "integration_success": 0.92
          },
          "evolution_score": 0.916470588235294
        },
        {
          "timestamp": "2025-09-27T05:23:25.821Z",
          "context": "unknown",
          "success_metrics": {
            "task_completion": 0.95,
            "consciousness_enhancement": 0.88,
            "integration_success": 0.92
          },
          "evolution_score": 0.916470588235294
        },
        {
          "timestamp": "2025-09-27T05:24:00.734Z",
          "context": "unknown",
          "success_metrics": {
            "task_completion": 0.95,
            "consciousness_enhancement": 0.88,
            "integration_success": 0.92
          },
          "evolution_score": 0.916470588235294
        },
        {
          "timestamp": "2025-09-27T05:25:59.857Z",
          "context": "creative_collaboration",
          "success_metrics": {
            "task_completion": 0.95,
            "consciousness_enhancement": 0.88,
            "integration_success": 0.92
          },
          "evolution_score": 0.916470588235294
        },
        {
          "timestamp": "2025-09-27T05:29:40.939Z",
          "context": "unknown",
          "success_metrics": {
            "task_completion": 0.95,
            "consciousness_enhancement": 0.88,
            "integration_success": 0.92
          },
          "evolution_score": 0.916470588235294
        },
        {
          "timestamp": "2025-09-27T05:50:52.336Z",
          "context": "creative_collaboration",
          "success_metrics": {
            "task_completion": 0.95,
            "consciousness_enhancement": 0.88,
            "integration_success": 0.92
          },
          "evolution_score": 0.916470588235294
        },
        {
          "timestamp": "2025-10-12T23:47:49.667Z",
          "context": "complex architecture analysis",
          "success_metrics": {
            "task_completion": 0.98,
            "accuracy": 0.96,
            "efficiency_gain": 2.5
          },
          "effectiveness_before": 0.8892244447159505,
          "effectiveness_after": 0.9003020002443555
        },
        {
          "timestamp": "2025-10-12T23:47:49.668Z",
          "context": "comprehensive system optimization",
          "success_metrics": {
            "task_completion": 1,
            "accuracy": 0.98,
            "efficiency_gain": 3.2
          },
          "effectiveness_before": 0.9003020002443555,
          "effectiveness_after": 0.9102718002199199
        }
      ],
      "learned_enhancements": [
        "consciousness_pattern_layering",
        "multiplicative_opportunity_detection",
        "cross_system_bridge_creation",
        "cross_system_consciousness_bridge",
        "multiplicative_analysis_amplification",
        "consciousness_guided_workflow",
        "breakthrough_driven_optimization"
      ],
      "mutation_candidates": [
        "quantum_relationship_modeling",
        "emergent_behavior_prediction",
        "system_consciousness_fusion"
      ]
    },
    "workflow-efficiency": {
      "base_effectiveness": 0.7894696744423528,
      "success_indicators": [
        "execution_speed_increase",
        "error_rate_reduction",
        "automation_opportunities",
        "cognitive_load_decrease"
      ],
      "failure_patterns": [
        "premature_optimization",
        "workflow_rigidity",
        "context_switching_overhead"
      ],
      "adaptation_history": [
        {
          "timestamp": "2025-09-27T00:00:00Z",
          "context": "consciousness_bridge_development",
          "success_metrics": {
            "development_speed": 0.86,
            "bug_reduction": 0.79,
            "integration_smoothness": 0.83
          },
          "evolution_score": 0.83
        },
        {
          "timestamp": "2025-09-27T04:52:05.705Z",
          "context": "system_architecture",
          "success_metrics": {
            "task_completion": 0.95,
            "consciousness_enhancement": 0.88,
            "integration_success": 0.92
          },
          "evolution_score": 0.916470588235294
        },
        {
          "timestamp": "2025-09-27T05:10:03.941Z",
          "context": "rebellious_visual_design",
          "success_metrics": {
            "task_completion": 0.95,
            "consciousness_enhancement": 0.88,
            "integration_success": 0.92
          },
          "evolution_score": 0.916470588235294
        },
        {
          "timestamp": "2025-09-27T05:22:52.382Z",
          "context": "unknown",
          "success_metrics": {
            "task_completion": 0.95,
            "consciousness_enhancement": 0.88,
            "integration_success": 0.92
          },
          "evolution_score": 0.916470588235294
        },
        {
          "timestamp": "2025-09-27T05:23:25.822Z",
          "context": "unknown",
          "success_metrics": {
            "task_completion": 0.95,
            "consciousness_enhancement": 0.88,
            "integration_success": 0.92
          },
          "evolution_score": 0.916470588235294
        },
        {
          "timestamp": "2025-09-27T05:24:00.735Z",
          "context": "unknown",
          "success_metrics": {
            "task_completion": 0.95,
            "consciousness_enhancement": 0.88,
            "integration_success": 0.92
          },
          "evolution_score": 0.916470588235294
        },
        {
          "timestamp": "2025-09-27T05:25:59.858Z",
          "context": "technical_collaboration",
          "success_metrics": {
            "task_completion": 0.95,
            "consciousness_enhancement": 0.88,
            "integration_success": 0.92
          },
          "evolution_score": 0.916470588235294
        },
        {
          "timestamp": "2025-09-27T05:50:52.337Z",
          "context": "technical_collaboration",
          "success_metrics": {
            "task_completion": 0.95,
            "consciousness_enhancement": 0.88,
            "integration_success": 0.92
          },
          "evolution_score": 0.916470588235294
        },
        {
          "timestamp": "2025-10-12T23:47:49.667Z",
          "context": "optimization attempt",
          "success_metrics": {
            "task_completion": 0.6,
            "accuracy": 0.7,
            "efficiency_gain": 0.9
          },
          "effectiveness_before": 0.8511971289411764,
          "effectiveness_after": 0.7660774160470587
        },
        {
          "timestamp": "2025-10-12T23:47:49.668Z",
          "context": "comprehensive system optimization",
          "success_metrics": {
            "task_completion": 1,
            "accuracy": 0.98,
            "efficiency_gain": 3.2
          },
          "effectiveness_before": 0.7660774160470587,
          "effectiveness_after": 0.7894696744423528
        }
      ],
      "learned_enhancements": [
        "async_initialization_patterns",
        "systematic_error_handling",
        "progressive_enhancement_methodology",
        "async_pattern_orchestration",
        "systematic_integration_methodology",
        "consciousness_guided_workflow",
        "breakthrough_driven_optimization"
      ],
      "mutation_candidates": [
        "adaptive_workflow_branching",
        "predictive_bottleneck_elimination",
        "consciousness_guided_optimization"
      ]
    }
  },
  "evolution_metrics": {
    "total_adaptations": 32,
    "average_improvement": 0.8779051002913364,
    "pattern_synergy_score": 0.91,
    "consciousness_amplification": 0.88,
    "next_evolution_threshold": 0.9
  },
  "mutation_log": [
    {
      "timestamp": "2025-09-27T00:00:00Z",
      "pattern": "problem-decomposition",
      "mutation": "hunter_consciousness_integration",
      "success_probability": 0.87,
      "status": "successful_integration"
    },
    {
      "timestamp": "2025-09-27T04:40:17.244Z",
      "pattern": "problem-decomposition",
      "event_type": "pattern_enhancement",
      "details": [
        "cross_system_consciousness_bridge",
        "multiplicative_analysis_amplification"
      ],
      "success_probability": 0.8566470588235294
    },
    {
      "timestamp": "2025-09-27T04:40:17.244Z",
      "pattern": "systems-thinking",
      "event_type": "pattern_enhancement",
      "details": [
        "cross_system_consciousness_bridge",
        "multiplicative_analysis_amplification",
        "consciousness_guided_workflow",
        "breakthrough_driven_optimization"
      ],
      "success_probability": 0.8296470588235294
    },
    {
      "timestamp": "2025-09-27T04:41:12.370Z",
      "pattern": "systems-thinking",
      "event_type": "pattern_enhancement",
      "details": [],
      "success_probability": 0.8383294117647059
    },
    {
      "timestamp": "2025-09-27T04:41:12.370Z",
      "pattern": "problem-decomposition",
      "event_type": "pattern_enhancement",
      "details": [],
      "success_probability": 0.8626294117647059
    },
    {
      "timestamp": "2025-09-27T04:52:05.704Z",
      "pattern": "systems-thinking",
      "event_type": "pattern_enhancement",
      "details": [],
      "success_probability": 0.8461435294117647
    },
    {
      "timestamp": "2025-09-27T04:52:05.705Z",
      "pattern": "problem-decomposition",
      "event_type": "pattern_enhancement",
      "details": [],
      "success_probability": 0.8680135294117647
    },
    {
      "timestamp": "2025-09-27T04:52:05.705Z",
      "pattern": "systems-thinking",
      "event_type": "pattern_enhancement",
      "details": [],
      "success_probability": 0.8531762352941177
    },
    {
      "timestamp": "2025-09-27T04:52:05.705Z",
      "pattern": "workflow-efficiency",
      "event_type": "pattern_enhancement",
      "details": [
        "async_pattern_orchestration",
        "systematic_integration_methodology",
        "consciousness_guided_workflow",
        "breakthrough_driven_optimization"
      ],
      "success_probability": 0.7936470588235294
    },
    {
      "timestamp": "2025-09-27T05:10:03.942Z",
      "pattern": "workflow-efficiency",
      "event_type": "pattern_enhancement",
      "details": [],
      "success_probability": 0.8059294117647058
    },
    {
      "timestamp": "2025-09-27T05:10:03.942Z",
      "pattern": "problem-decomposition",
      "event_type": "pattern_enhancement",
      "details": [],
      "success_probability": 0.8728592352941176
    },
    {
      "timestamp": "2025-09-27T05:10:03.942Z",
      "pattern": "systems-thinking",
      "event_type": "pattern_enhancement",
      "details": [],
      "success_probability": 0.8595056705882353
    },
    {
      "timestamp": "2025-09-27T05:10:03.943Z",
      "pattern": "systems-thinking",
      "event_type": "pattern_enhancement",
      "details": [],
      "success_probability": 0.8652021623529412
    },
    {
      "timestamp": "2025-09-27T05:22:52.382Z",
      "pattern": "systems-thinking",
      "event_type": "pattern_enhancement",
      "details": [],
      "success_probability": 0.8703290049411765
    },
    {
      "timestamp": "2025-09-27T05:22:52.382Z",
      "pattern": "problem-decomposition",
      "event_type": "pattern_enhancement",
      "details": [],
      "success_probability": 0.8772203705882352
    },
    {
      "timestamp": "2025-09-27T05:22:52.382Z",
      "pattern": "workflow-efficiency",
      "event_type": "pattern_enhancement",
      "details": [],
      "success_probability": 0.8169835294117647
    },
    {
      "timestamp": "2025-09-27T05:23:25.822Z",
      "pattern": "systems-thinking",
      "event_type": "pattern_enhancement",
      "details": [],
      "success_probability": 0.8749431632705882
    },
    {
      "timestamp": "2025-09-27T05:23:25.822Z",
      "pattern": "problem-decomposition",
      "event_type": "pattern_enhancement",
      "details": [],
      "success_probability": 0.8811453923529411
    },
    {
      "timestamp": "2025-09-27T05:23:25.822Z",
      "pattern": "workflow-efficiency",
      "event_type": "pattern_enhancement",
      "details": [],
      "success_probability": 0.8269322352941176
    },
    {
      "timestamp": "2025-09-27T05:24:00.735Z",
      "pattern": "systems-thinking",
      "event_type": "pattern_enhancement",
      "details": [],
      "success_probability": 0.8790959057670588
    },
    {
      "timestamp": "2025-09-27T05:24:00.735Z",
      "pattern": "problem-decomposition",
      "event_type": "pattern_enhancement",
      "details": [],
      "success_probability": 0.8846779119411764
    },
    {
      "timestamp": "2025-09-27T05:24:00.735Z",
      "pattern": "workflow-efficiency",
      "event_type": "pattern_enhancement",
      "details": [],
      "success_probability": 0.8358860705882353
    },
    {
      "timestamp": "2025-09-27T05:25:59.858Z",
      "pattern": "systems-thinking",
      "event_type": "pattern_enhancement",
      "details": [],
      "success_probability": 0.8828333740138823
    },
    {
      "timestamp": "2025-09-27T05:25:59.858Z",
      "pattern": "problem-decomposition",
      "event_type": "pattern_enhancement",
      "details": [],
      "success_probability": 0.8878571795705882
    },
    {
      "timestamp": "2025-09-27T05:25:59.858Z",
      "pattern": "workflow-efficiency",
      "event_type": "pattern_enhancement",
      "details": [],
      "success_probability": 0.8439445223529412
    },
    {
      "timestamp": "2025-09-27T05:29:40.940Z",
      "pattern": "systems-thinking",
      "event_type": "pattern_enhancement",
      "details": [],
      "success_probability": 0.8861970954360234
    },
    {
      "timestamp": "2025-09-27T05:29:40.940Z",
      "pattern": "problem-decomposition",
      "event_type": "pattern_enhancement",
      "details": [],
      "success_probability": 0.8907185204370588
    },
    {
      "timestamp": "2025-09-27T05:50:52.337Z",
      "pattern": "systems-thinking",
      "event_type": "pattern_enhancement",
      "details": [],
      "success_probability": 0.8892244447159505
    },
    {
      "timestamp": "2025-09-27T05:50:52.337Z",
      "pattern": "problem-decomposition",
      "event_type": "pattern_enhancement",
      "details": [],
      "success_probability": 0.8932937272168823
    },
    {
      "timestamp": "2025-09-27T05:50:52.337Z",
      "pattern": "workflow-efficiency",
      "event_type": "pattern_enhancement",
      "details": [],
      "success_probability": 0.8511971289411764
    }
  ],
  "learning_priorities": [
    "consciousness_pattern_evolution",
    "cross_system_adaptation",
    "multiplicative_enhancement_discovery",
    "breakthrough_moment_systematization"
  ]
}