{
  "schemaVersion": "1.0.0",
  "initialized": "$(date -Iseconds)",
  "pattern_effectiveness": {
    "semantic-html-fix": {
      "applications": 0,
      "successes": 0,
      "success_rate": 0.92,
      "total_improvement": 0,
      "average_improvement": 15.2,
      "confidence": 0.95
    },
    "heading-hierarchy": {
      "applications": 0,
      "successes": 0,
      "success_rate": 0.88,
      "total_improvement": 0,
      "average_improvement": 12.5,
      "confidence": 0.90
    },
    "landmark-addition": {
      "applications": 0,
      "successes": 0,
      "success_rate": 0.85,
      "total_improvement": 0,
      "average_improvement": 10.8,
      "confidence": 0.88
    },
    "color-contrast-fix": {
      "applications": 0,
      "successes": 0,
      "success_rate": 0.82,
      "total_improvement": 0,
      "average_improvement": 18.3,
      "confidence": 0.85
    },
    "aria-labels": {
      "applications": 0,
      "successes": 0,
      "success_rate": 0.78,
      "total_improvement": 0,
      "average_improvement": 8.6,
      "confidence": 0.80
    }
  },
  "global_metrics": {
    "total_runs": 0,
    "successful_fixes": 0,
    "average_improvement": 0,
    "total_files_processed": 0,
    "perfect_scores": 0,
    "evolution_momentum": 0.0
  },
  "emergent_patterns": [],
  "quantum_leaps": []
}
